Métrica,Modelo Base,Modelo Optimizado,Diferencia
Accuracy,0.7361778846153846,0.7522536057692307,0.016075721153846145
Precision (desocupado),0.14440993788819875,0.14628699050809604,0.0018770526198972903
Recall (desocupado),0.7303664921465969,0.6858638743455497,-0.04450261780104714
F1-score (desocupado),0.2411408815903198,0.24114127933732168,3.9774700189010304e-07
F1 Macro,0.5407377439411865,0.5465514278902247,0.005813683949038251
Precision (ocupado),0.9781964436917866,0.9753340184994861,-0.0028624251923005106
Recall (ocupado),0.736531718202104,0.756295824035703,0.019764105833599
F1-score (ocupado),0.8403346062920531,0.8519615764431278,0.011626970151074612
Cantidad de variables,87.0,50.0,-37.0
Tiempo entrenamiento (s),0.6929717063903809,0.834383487701416,0.14141178131103516
